id,domain,raw_command,tokens,annotator_boundary_labels,annotator_task_token_labels,notes
CK-2702,dosya_yazılım_geliştirme,şuradaki klasörü taşımadan önce yolunu kopyala sonra sol panele geç,"[""şuradaki"", ""klasörü"", ""taşımadan"", ""önce"", ""yolunu"", ""kopyala"", ""sonra"", ""sol"", ""panele"", ""geç""]",,,
CK-2164,ofis_metin_düzenleme,ekseli aç c sütununu seç filtreyi değişdir sonuçları yazdır,"[""ekseli"", ""aç"", ""c"", ""sütununu"", ""seç"", ""filtreyi"", ""değişdir"", ""sonuçları"", ""yazdır""]",,,
CK-2840,ofis_metin_düzenleme,bul kutusuna hata yaz ve sonraki sonucu bul,"[""bul"", ""kutusuna"", ""hata"", ""yaz"", ""ve"", ""sonraki"", ""sonucu"", ""bul""]",,,
CK-3265,ofis_metin_düzenleme,başlığı bul sonucu seç kes,"[""başlığı"", ""bul"", ""sonucu"", ""seç"", ""kes""]",,,
CK-2413,temel_bilgisayar,şimdilik bu pencere kalsın alttaki ayar kutusuna geç erişilebilirliği aç,"[""şimdilik"", ""bu"", ""pencere"", ""kalsın"", ""alttaki"", ""ayar"", ""kutusuna"", ""geç"", ""erişilebilirliği"", ""aç""]",,,
CK-3812,ofis_metin_düzenleme,Excel'de oran sütununu yüzde biçimine değiştir,"[""Excel'de"", ""oran"", ""sütununu"", ""yüzde"", ""biçimine"", ""değiştir""]",,,
CK-3179,ofis_metin_düzenleme,notun sonuna boşluk bırak kısa açıklama yaz kaydet gönder,"[""notun"", ""sonuna"", ""boşluk"", ""bırak"", ""kısa"", ""açıklama"", ""yaz"", ""kaydet"", ""gönder""]",,,
CK-3244,tarayıcı_internet,linke basma aşağı kaydır pdf başlığını bul bağlantıyı kopyala dosyayı indir,"[""linke"", ""basma"", ""aşağı"", ""kaydır"", ""pdf"", ""başlığını"", ""bul"", ""bağlantıyı"", ""kopyala"", ""dosyayı"", ""indir""]",,,
CK-2073,ofis_metin_düzenleme,grafiği yazdırma grafiği görsel olarak indir sonra adını grafik final yap,"[""grafiği"", ""yazdırma"", ""grafiği"", ""görsel"", ""olarak"", ""indir"", ""sonra"", ""adını"", ""grafik"", ""final"", ""yap""]",,,
CK-1848,temel_bilgisayar,şu arşivi seç masaüstüne çıkar,"[""şu"", ""arşivi"", ""seç"", ""masaüstüne"", ""çıkar""]",,,
CK-1507,tarayıcı_internet,tarayıcıda bağlantıyı yapıştr entıra bas çerez uyarısını kapat,"[""tarayıcıda"", ""bağlantıyı"", ""yapıştr"", ""entıra"", ""bas"", ""çerez"", ""uyarısını"", ""kapat""]",,,
CK-1376,tarayıcı_internet,web formunu aç ad alanını seç ad yaz sonraki alana geç,"[""web"", ""formunu"", ""aç"", ""ad"", ""alanını"", ""seç"", ""ad"", ""yaz"", ""sonraki"", ""alana"", ""geç""]",,,
CK-3431,tarayıcı_internet,dosyayı hemen indir,"[""dosyayı"", ""hemen"", ""indir""]",,,
CK-2342,tarayıcı_internet,video alanına tıkla altyazı düğmesini aç oynatma hızını azalt,"[""video"", ""alanına"", ""tıkla"", ""altyazı"", ""düğmesini"", ""aç"", ""oynatma"", ""hızını"", ""azalt""]",,,
CK-1326,tarayıcı_internet,web sayfasını aç aşağı in tabloyu bul satırı kopyala,"[""web"", ""sayfasını"", ""aç"", ""aşağı"", ""in"", ""tabloyu"", ""bul"", ""satırı"", ""kopyala""]",,,
CK-1503,ofis_metin_düzenleme,eksıl dosyasını aç f dokuz hücresini seç değer yaz entera bas,"[""eksıl"", ""dosyasını"", ""aç"", ""f"", ""dokuz"", ""hücresini"", ""seç"", ""değer"", ""yaz"", ""entera"", ""bas""]",,,
CK-3026,dosya_yazılım_geliştirme,kod satırını kesebilir miyiz ama dosyayı silmeyelim,"[""kod"", ""satırını"", ""kesebilir"", ""miyiz"", ""ama"", ""dosyayı"", ""silmeyelim""]",,,
CK-2595,dosya_yazılım_geliştirme,dosya aramasını aç helper yaz çıkan sonucu sağ tarafta aç,"[""dosya"", ""aramasını"", ""aç"", ""helper"", ""yaz"", ""çıkan"", ""sonucu"", ""sağ"", ""tarafta"", ""aç""]",,,
CK-3523,temel_bilgisayar,erişim panelini aç yüksek kontrast ayarını bul onu etkinleştir,"[""erişim"", ""panelini"", ""aç"", ""yüksek"", ""kontrast"", ""ayarını"", ""bul"", ""onu"", ""etkinleştir""]",,,
CK-1429,temel_bilgisayar,programı kaldırma dur programı seç güncelle düğmesine tıkla,"[""programı"", ""kaldırma"", ""dur"", ""programı"", ""seç"", ""güncelle"", ""düğmesine"", ""tıkla""]",,,
CK-1713,dosya_yazılım_geliştirme,temrinal çıktısında warning ara satırı koypala,"[""temrinal"", ""çıktısında"", ""warning"", ""ara"", ""satırı"", ""koypala""]",,,
CK-3453,ofis_metin_düzenleme,belgeyi yazdır lütfen,"[""belgeyi"", ""yazdır"", ""lütfen""]",,,
CK-2087,dosya_yazılım_geliştirme,git panelini aç commit mesajı yaz commit gönder,"[""git"", ""panelini"", ""aç"", ""commit"", ""mesajı"", ""yaz"", ""commit"", ""gönder""]",,,
CK-3750,temel_bilgisayar,şu açık listeyi aşağı indir en sondaki öğeyi göster,"[""şu"", ""açık"", ""listeyi"", ""aşağı"", ""indir"", ""en"", ""sondaki"", ""öğeyi"", ""göster""]",,,
CK-1714,ofis_metin_düzenleme,pavırpoyntta alt bilgi alanını seç tarihi yaz kaydetti,"[""pavırpoyntta"", ""alt"", ""bilgi"", ""alanını"", ""seç"", ""tarihi"", ""yaz"", ""kaydetti""]",,,
CK-3595,dosya_yazılım_geliştirme,branch değiştirme sadece değişiklikleri kaydet,"[""branch"", ""değiştirme"", ""sadece"", ""değişiklikleri"", ""kaydet""]",,,
CK-2161,ofis_metin_düzenleme,belgede öğrenci adını bul soyadını seç kes yeni satıra yapıştır,"[""belgede"", ""öğrenci"", ""adını"", ""bul"", ""soyadını"", ""seç"", ""kes"", ""yeni"", ""satıra"", ""yapıştır""]",,,
CK-3829,ofis_metin_düzenleme,paragrafı seçmeden önce imleci giriş kısmına götür,"[""paragrafı"", ""seçmeden"", ""önce"", ""imleci"", ""giriş"", ""kısmına"", ""götür""]",,,
CK-2209,temel_bilgisayar,görev çubuğundaki ses simgesini aç mikrofon girişini seç seviyeyi azalt,"[""görev"", ""çubuğundaki"", ""ses"", ""simgesini"", ""aç"", ""mikrofon"", ""girişini"", ""seç"", ""seviyeyi"", ""azalt""]",,,
CK-2607,temel_bilgisayar,ya alttaki ses simgesine tıklar mısın uygulama sesini biraz artır,"[""ya"", ""alttaki"", ""ses"", ""simgesine"", ""tıklar"", ""mısın"", ""uygulama"", ""sesini"", ""biraz"", ""artır""]",,,
CK-1596,tarayıcı_internet,indirilenler panelini aç ardından son dosyayı seç ve dosya yolunu kopyala,"[""indirilenler"", ""panelini"", ""aç"", ""ardından"", ""son"", ""dosyayı"", ""seç"", ""ve"", ""dosya"", ""yolunu"", ""kopyala""]",,,
CK-3494,dosya_yazılım_geliştirme,paket indirme dosyayı yükle logu yazdır terminali kapat,"[""paket"", ""indirme"", ""dosyayı"", ""yükle"", ""logu"", ""yazdır"", ""terminali"", ""kapat""]",,,
CK-2064,ofis_metin_düzenleme,formül hücresini seç formülü kopyala alt hücrelere yapıştır işlemi yinele,"[""formül"", ""hücresini"", ""seç"", ""formülü"", ""kopyala"", ""alt"", ""hücrelere"", ""yapıştır"", ""işlemi"", ""yinele""]",,,
CK-2090,dosya_yazılım_geliştirme,debug panelini aç izleme seviyesini artır log ayrıntısını azalt,"[""debug"", ""panelini"", ""aç"", ""izleme"", ""seviyesini"", ""artır"", ""log"", ""ayrıntısını"", ""azalt""]",,,
CK-2405,temel_bilgisayar,sağ alttaki ses panelini aç mikrofonu seç seviyeyi biraz azalt,"[""sağ"", ""alttaki"", ""ses"", ""panelini"", ""aç"", ""mikrofonu"", ""seç"", ""seviyeyi"", ""biraz"", ""azalt""]",,,
CK-2150,tarayıcı_internet,dosyayı indir hayır önizlemeyi aç sayfa görünümünü büyüt,"[""dosyayı"", ""indir"", ""hayır"", ""önizlemeyi"", ""aç"", ""sayfa"", ""görünümünü"", ""büyüt""]",,,
CK-2246,tarayıcı_internet,bu sekmeyi şimdilik kapat diğer açık sekmeye geç oradaki dosyayı indir,"[""bu"", ""sekmeyi"", ""şimdilik"", ""kapat"", ""diğer"", ""açık"", ""sekmeye"", ""geç"", ""oradaki"", ""dosyayı"", ""indir""]",,,
CK-2196,dosya_yazılım_geliştirme,kaynak klasörü aç eski raporu seç sil yeni raporu yapıştır,"[""kaynak"", ""klasörü"", ""aç"", ""eski"", ""raporu"", ""seç"", ""sil"", ""yeni"", ""raporu"", ""yapıştır""]",,,
CK-2575,ofis_metin_düzenleme,tablo başlığını seç rengini değiştir dosyayı kaydet yazdırma önizlemesini aç,"[""tablo"", ""başlığını"", ""seç"", ""rengini"", ""değiştir"", ""dosyayı"", ""kaydet"", ""yazdırma"", ""önizlemesini"", ""aç""]",,,
CK-3828,ofis_metin_düzenleme,Excel'deki filtreyi temizle sonra tabloyu en üste kaydır,"[""Excel'deki"", ""filtreyi"", ""temizle"", ""sonra"", ""tabloyu"", ""en"", ""üste"", ""kaydır""]",,,
CK-1586,temel_bilgisayar,bi şuradaki raporu bul lütfen aç hemen,"[""bi"", ""şuradaki"", ""raporu"", ""bul"", ""lütfen"", ""aç"", ""hemen""]",,,
CK-2687,dosya_yazılım_geliştirme,Docker dosyasını silme yok sadece expose satırını bul,"[""Docker"", ""dosyasını"", ""silme"", ""yok"", ""sadece"", ""expose"", ""satırını"", ""bul""]",,,
CK-1876,dosya_yazılım_geliştirme,komut satırına git checkout tire b accessibility fix yaz enter bas,"[""komut"", ""satırına"", ""git"", ""checkout"", ""tire"", ""b"", ""accessibility"", ""fix"", ""yaz"", ""enter"", ""bas""]",,,
CK-1915,ofis_metin_düzenleme,satırı kes vazgeç satırı seç satırı kopyala alta yapıştır,"[""satırı"", ""kes"", ""vazgeç"", ""satırı"", ""seç"", ""satırı"", ""kopyala"", ""alta"", ""yapıştır""]",,,
CK-2307,temel_bilgisayar,masaüstüne git arama kutusunu seç ekran okuyucu yaz enter,"[""masaüstüne"", ""git"", ""arama"", ""kutusunu"", ""seç"", ""ekran"", ""okuyucu"", ""yaz"", ""enter""]",,,
CK-3261,ofis_metin_düzenleme,puntoyu artırır mısın sayfayı yazdır,"[""puntoyu"", ""artırır"", ""mısın"", ""sayfayı"", ""yazdır""]",,,
CK-1463,temel_bilgisayar,klasörü açıp raporu bularak masaüstüne kopyala,"[""klasörü"", ""açıp"", ""raporu"", ""bularak"", ""masaüstüne"", ""kopyala""]",,,
CK-2069,ofis_metin_düzenleme,yazı tipi panelini aç puntoyu azalt taslak çıktıyı yazdır,"[""yazı"", ""tipi"", ""panelini"", ""aç"", ""puntoyu"", ""azalt"", ""taslak"", ""çıktıyı"", ""yazdır""]",,,
CK-2130,tarayıcı_internet,yeni sekme oluştur adres çubuğuna e devlet yaz arama sonucunu aç,"[""yeni"", ""sekme"", ""oluştur"", ""adres"", ""çubuğuna"", ""e"", ""devlet"", ""yaz"", ""arama"", ""sonucunu"", ""aç""]",,,
CK-3251,tarayıcı_internet,geri gitme yan sekmeye geç sayfayı yenile duyuru ara sonuca tıkla,"[""geri"", ""gitme"", ""yan"", ""sekmeye"", ""geç"", ""sayfayı"", ""yenile"", ""duyuru"", ""ara"", ""sonuca"", ""tıkla""]",,,
CK-1913,ofis_metin_düzenleme,belgeyi yazdır dur belgeyi yazdırma önizlemeyi aç yalnızca iki sayfayı yazdır,"[""belgeyi"", ""yazdır"", ""dur"", ""belgeyi"", ""yazdırma"", ""önizlemeyi"", ""aç"", ""yalnızca"", ""iki"", ""sayfayı"", ""yazdır""]",,,
CK-1929,tarayıcı_internet,drive sayfasını açıp dosya ekle düğmesine basarak raporu yükle,"[""drive"", ""sayfasını"", ""açıp"", ""dosya"", ""ekle"", ""düğmesine"", ""basarak"", ""raporu"", ""yükle""]",,,
CK-1452,tarayıcı_internet,sayfayı aç aşağı in tabloyu bul satırı kopyala,"[""sayfayı"", ""aç"", ""aşağı"", ""in"", ""tabloyu"", ""bul"", ""satırı"", ""kopyala""]",,,
CK-3190,dosya_yazılım_geliştirme,env dosyasını yeniden adlandır kaydet depoya yükle isteği gönder,"[""env"", ""dosyasını"", ""yeniden"", ""adlandır"", ""kaydet"", ""depoya"", ""yükle"", ""isteği"", ""gönder""]",,,
CK-2049,tarayıcı_internet,hadi erişilebilirlik araması yap sonra resmi kılavuz sonucunu bul sonucu aç,"[""hadi"", ""erişilebilirlik"", ""araması"", ""yap"", ""sonra"", ""resmi"", ""kılavuz"", ""sonucunu"", ""bul"", ""sonucu"", ""aç""]",,,
CK-3476,ofis_metin_düzenleme,başlığı küçült paragrafı kes boşluk bırak belgeyi yazdır gönder,"[""başlığı"", ""küçült"", ""paragrafı"", ""kes"", ""boşluk"", ""bırak"", ""belgeyi"", ""yazdır"", ""gönder""]",,,
CK-3249,tarayıcı_internet,ana sayfaya gitme raporlar sekmesine geç listeyi kaydır formu gönder,"[""ana"", ""sayfaya"", ""gitme"", ""raporlar"", ""sekmesine"", ""geç"", ""listeyi"", ""kaydır"", ""formu"", ""gönder""]",,,
CK-2618,temel_bilgisayar,bu uyarı sürekli çıkıyor ya ayrıntılarına tıkla,"[""bu"", ""uyarı"", ""sürekli"", ""çıkıyor"", ""ya"", ""ayrıntılarına"", ""tıkla""]",,,
CK-2431,tarayıcı_internet,Google sonuçlarında biraz aşağı kaydır akademik olan bağlantıyı aç,"[""Google"", ""sonuçlarında"", ""biraz"", ""aşağı"", ""kaydır"", ""akademik"", ""olan"", ""bağlantıyı"", ""aç""]",,,
CK-3487,dosya_yazılım_geliştirme,hata satırını kes dosyayı kaydet,"[""hata"", ""satırını"", ""kes"", ""dosyayı"", ""kaydet""]",,,
CK-3263,ofis_metin_düzenleme,renk değiştirme tabloyu seç kopyala alta yapıştır kaydet,"[""renk"", ""değiştirme"", ""tabloyu"", ""seç"", ""kopyala"", ""alta"", ""yapıştır"", ""kaydet""]",,,
CK-3363,ofis_metin_düzenleme,tablo başlığını yaz sonra enter bas,"[""tablo"", ""başlığını"", ""yaz"", ""sonra"", ""enter"", ""bas""]",,,
CK-3591,dosya_yazılım_geliştirme,deployment arşivini indir proje dizinine yükle,"[""deployment"", ""arşivini"", ""indir"", ""proje"", ""dizinine"", ""yükle""]",,,
CK-1481,temel_bilgisayar,ya bi şu pencereyi küçült sonra görev çubuğuna dön,"[""ya"", ""bi"", ""şu"", ""pencereyi"", ""küçült"", ""sonra"", ""görev"", ""çubuğuna"", ""dön""]",,,
CK-3780,tarayıcı_internet,sekmeyi yenilemeden adres çubuğuna yeni sorguyu yaz,"[""sekmeyi"", ""yenilemeden"", ""adres"", ""çubuğuna"", ""yeni"", ""sorguyu"", ""yaz""]",,,
CK-2524,temel_bilgisayar,sağ alttaki pil simgesine tıkla güç modunu seç tasarrufu artır,"[""sağ"", ""alttaki"", ""pil"", ""simgesine"", ""tıkla"", ""güç"", ""modunu"", ""seç"", ""tasarrufu"", ""artır""]",,,
CK-3726,temel_bilgisayar,masaüstündeki dağınık simgeleri ada göre sırala,"[""masaüstündeki"", ""dağınık"", ""simgeleri"", ""ada"", ""göre"", ""sırala""]",,,
CK-3878,dosya_yazılım_geliştirme,package-lock dosyasını silme sadece eski kopyasını oluştur,"[""package-lock"", ""dosyasını"", ""silme"", ""sadece"", ""eski"", ""kopyasını"", ""oluştur""]",,,
CK-2063,ofis_metin_düzenleme,kaynakça bölümünü aç eksik doi satırını bul doi bilgisini yaz,"[""kaynakça"", ""bölümünü"", ""aç"", ""eksik"", ""doi"", ""satırını"", ""bul"", ""doi"", ""bilgisini"", ""yaz""]",,,
CK-3652,dosya_yazılım_geliştirme,proje loglarında timeout hatasını ara,"[""proje"", ""loglarında"", ""timeout"", ""hatasını"", ""ara""]",,,
CK-2031,tarayıcı_internet,pdfde üçüncü sayfaya kaydır imza alanını bul görünümü büyüt,"[""pdfde"", ""üçüncü"", ""sayfaya"", ""kaydır"", ""imza"", ""alanını"", ""bul"", ""görünümü"", ""büyüt""]",,,
CK-2072,ofis_metin_düzenleme,hücre aralığını seç sıralamayı uygula filtre değerini değiştir,"[""hücre"", ""aralığını"", ""seç"", ""sıralamayı"", ""uygula"", ""filtre"", ""değerini"", ""değiştir""]",,,
CK-1431,temel_bilgisayar,klasörü açma yok hayır klasörü seç klasörü yeniden adlandır,"[""klasörü"", ""açma"", ""yok"", ""hayır"", ""klasörü"", ""seç"", ""klasörü"", ""yeniden"", ""adlandır""]",,,
CK-2728,tarayıcı_internet,makale sayfasında tabloya kadar in,"[""makale"", ""sayfasında"", ""tabloya"", ""kadar"", ""in""]",,,
CK-2455,ofis_metin_düzenleme,PowerPoint'te sağdaki görseli seç biraz sola taşı boyutunu küçült,"[""PowerPoint'te"", ""sağdaki"", ""görseli"", ""seç"", ""biraz"", ""sola"", ""taşı"", ""boyutunu"", ""küçült""]",,,
CK-3633,tarayıcı_internet,adres satırını seç eski adresi sil yeni adresi yaz,"[""adres"", ""satırını"", ""seç"", ""eski"", ""adresi"", ""sil"", ""yeni"", ""adresi"", ""yaz""]",,,
CK-2531,tarayıcı_internet,yeni sekme aç site adresini yapıştır enter bas sayfayı aşağı kaydır,"[""yeni"", ""sekme"", ""aç"", ""site"", ""adresini"", ""yapıştır"", ""enter"", ""bas"", ""sayfayı"", ""aşağı"", ""kaydır""]",,,
CK-1374,dosya_yazılım_geliştirme,terminal aç pytest yaz enter bas hatayı bul kopyala,"[""terminal"", ""aç"", ""pytest"", ""yaz"", ""enter"", ""bas"", ""hatayı"", ""bul"", ""kopyala""]",,,
CK-2371,ofis_metin_düzenleme,ııı şu kaynakça başlığını bul altındaki paragrafı seç kopyala,"[""ııı"", ""şu"", ""kaynakça"", ""başlığını"", ""bul"", ""altındaki"", ""paragrafı"", ""seç"", ""kopyala""]",,,
CK-3723,temel_bilgisayar,ekran parlaklığını düşürme gece ışığını aç,"[""ekran"", ""parlaklığını"", ""düşürme"", ""gece"", ""ışığını"", ""aç""]",,,
CK-3121,dosya_yazılım_geliştirme,taşımayalım ya sadece dosya adını değiştir,"[""taşımayalım"", ""ya"", ""sadece"", ""dosya"", ""adını"", ""değiştir""]",,,
CK-2119,temel_bilgisayar,bluetoothu kapat yok hayır wifi panelini aç ev ağını seç bağlan düğmesine tıkla,"[""bluetoothu"", ""kapat"", ""yok"", ""hayır"", ""wifi"", ""panelini"", ""aç"", ""ev"", ""ağını"", ""seç"", ""bağlan"", ""düğmesine"", ""tıkla""]",,,
CK-1723,ofis_metin_düzenleme,yorumları kabul etme vazgeç yorumlar panelini aç ilk yorumu seç,"[""yorumları"", ""kabul"", ""etme"", ""vazgeç"", ""yorumlar"", ""panelini"", ""aç"", ""ilk"", ""yorumu"", ""seç""]",,,
CK-2305,temel_bilgisayar,dosya penceresine geçip sol listedeki belgeler klasörünü açarak son dosyayı seç,"[""dosya"", ""penceresine"", ""geçip"", ""sol"", ""listedeki"", ""belgeler"", ""klasörünü"", ""açarak"", ""son"", ""dosyayı"", ""seç""]",,,
CK-1205,temel_bilgisayar,dosyya gezginini aç indirmelere git pdfyi bul ve aç,"[""dosyya"", ""gezginini"", ""aç"", ""indirmelere"", ""git"", ""pdfyi"", ""bul"", ""ve"", ""aç""]",,,
CK-2284,dosya_yazılım_geliştirme,Git panelini aç değişen dosyayı seç commit mesajına ilk sürüm yaz,"[""Git"", ""panelini"", ""aç"", ""değişen"", ""dosyayı"", ""seç"", ""commit"", ""mesajına"", ""ilk"", ""sürüm"", ""yaz""]",,,
CK-1774,tarayıcı_internet,site sertifikasını açıp ayrıntılar sekmesine geçerek bilgiyi kopyala,"[""site"", ""sertifikasını"", ""açıp"", ""ayrıntılar"", ""sekmesine"", ""geçerek"", ""bilgiyi"", ""kopyala""]",,,
CK-1834,temel_bilgisayar,bu klasörü seçip yedek dizinine taşı,"[""bu"", ""klasörü"", ""seçip"", ""yedek"", ""dizinine"", ""taşı""]",,,
CK-1334,ofis_metin_düzenleme,slayttaki simgeyi seçip büyüterek üst köşeye taşı,"[""slayttaki"", ""simgeyi"", ""seçip"", ""büyüterek"", ""üst"", ""köşeye"", ""taşı""]",,,
CK-3331,tarayıcı_internet,arama motorunda erişilebilir tasarım ara,"[""arama"", ""motorunda"", ""erişilebilir"", ""tasarım"", ""ara""]",,,
CK-3046,dosya_yazılım_geliştirme,zip paketini indirir misin sonra downloads klasörüne taşı,"[""zip"", ""paketini"", ""indirir"", ""misin"", ""sonra"", ""downloads"", ""klasörüne"", ""taşı""]",,,
CK-2324,temel_bilgisayar,şuradaki takvim bildirimini aç toplantı bağlantısını kopyala bildirimi kapat,"[""şuradaki"", ""takvim"", ""bildirimini"", ""aç"", ""toplantı"", ""bağlantısını"", ""kopyala"", ""bildirimi"", ""kapat""]",,,
CK-3033,tarayıcı_internet,yan sekmeye geçelim mi sonra bir yenilesene,"[""yan"", ""sekmeye"", ""geçelim"", ""mi"", ""sonra"", ""bir"", ""yenilesene""]",,,
CK-3730,temel_bilgisayar,açık pencereyi tam ekran yapma sadece biraz büyüt,"[""açık"", ""pencereyi"", ""tam"", ""ekran"", ""yapma"", ""sadece"", ""biraz"", ""büyüt""]",,,
CK-2904,temel_bilgisayar,pencereyi büyüt yok yok şimdilik küçültelim,"[""pencereyi"", ""büyüt"", ""yok"", ""yok"", ""şimdilik"", ""küçültelim""]",,,
CK-3492,dosya_yazılım_geliştirme,satırı kes dosyayı kaydet repoya yükle,"[""satırı"", ""kes"", ""dosyayı"", ""kaydet"", ""repoya"", ""yükle""]",,,
CK-1266,tarayıcı_internet,dosyayı indir şey yok hedef klasörü seç dosyayı indir,"[""dosyayı"", ""indir"", ""şey"", ""yok"", ""hedef"", ""klasörü"", ""seç"", ""dosyayı"", ""indir""]",,,
CK-2962,dosya_yazılım_geliştirme,dosyayı silme sakın log dosyasını aç timeout hatası ara sonucu kopyala,"[""dosyayı"", ""silme"", ""sakın"", ""log"", ""dosyasını"", ""aç"", ""timeout"", ""hatası"", ""ara"", ""sonucu"", ""kopyala""]",,,
CK-1420,temel_bilgisayar,dosyya yolunu seç koypala çalıştır penceresine yapıştr,"[""dosyya"", ""yolunu"", ""seç"", ""koypala"", ""çalıştır"", ""penceresine"", ""yapıştr""]",,,
CK-2833,tarayıcı_internet,sekme kapatma yeni sekme aç arama kutusunda rapor ara,"[""sekme"", ""kapatma"", ""yeni"", ""sekme"", ""aç"", ""arama"", ""kutusunda"", ""rapor"", ""ara""]",,,
CK-1583,ofis_metin_düzenleme,ııı grafiği seç biraz küçült kaydet hadi,"[""ııı"", ""grafiği"", ""seç"", ""biraz"", ""küçült"", ""kaydet"", ""hadi""]",,,
CK-2023,temel_bilgisayar,klasörü kapatma dur klasör adını toplantı yap klasörü belgeler içine taşı,"[""klasörü"", ""kapatma"", ""dur"", ""klasör"", ""adını"", ""toplantı"", ""yap"", ""klasörü"", ""belgeler"", ""içine"", ""taşı""]",,,
CK-1901,temel_bilgisayar,alternatif giriş ayarını aç anahtar tarama modunu seç aç,"[""alternatif"", ""giriş"", ""ayarını"", ""aç"", ""anahtar"", ""tarama"", ""modunu"", ""seç"", ""aç""]",,,
CK-1391,temel_bilgisayar,ya bi şu pencereyi büyüt sonra sağa al,"[""ya"", ""bi"", ""şu"", ""pencereyi"", ""büyüt"", ""sonra"", ""sağa"", ""al""]",,,
CK-1231,ofis_metin_düzenleme,belgeyi açıp giriş bölümüne giderek ilk paragrafı seç,"[""belgeyi"", ""açıp"", ""giriş"", ""bölümüne"", ""giderek"", ""ilk"", ""paragrafı"", ""seç""]",,,
CK-3090,dosya_yazılım_geliştirme,çıktıyı silme log dosyasını aç son hatayı bul o satırı seç,"[""çıktıyı"", ""silme"", ""log"", ""dosyasını"", ""aç"", ""son"", ""hatayı"", ""bul"", ""o"", ""satırı"", ""seç""]",,,
CK-3178,ofis_metin_düzenleme,başlığı büyütme ilgili kelimeyi bul cümleyi seç kes kaydet,"[""başlığı"", ""büyütme"", ""ilgili"", ""kelimeyi"", ""bul"", ""cümleyi"", ""seç"", ""kes"", ""kaydet""]",,,
CK-2975,tarayıcı_internet,yeni sekme açalım dergi sayfasına gidelim son sayıyı indirelim indirme uyarısını kapatalım,"[""yeni"", ""sekme"", ""açalım"", ""dergi"", ""sayfasına"", ""gidelim"", ""son"", ""sayıyı"", ""indirelim"", ""indirme"", ""uyarısını"", ""kapatalım""]",,,
CK-1574,ofis_metin_düzenleme,slaytı seçerek çoğaltıp en başa taşı,"[""slaytı"", ""seçerek"", ""çoğaltıp"", ""en"", ""başa"", ""taşı""]",,,
CK-2203,temel_bilgisayar,ya şu sağdaki pencereyi seç ekran okuyucuyu aç bir de sesi biraz artır,"[""ya"", ""şu"", ""sağdaki"", ""pencereyi"", ""seç"", ""ekran"", ""okuyucuyu"", ""aç"", ""bir"", ""de"", ""sesi"", ""biraz"", ""artır""]",,,
CK-3398,dosya_yazılım_geliştirme,hata satırını seç kopyala arama alanına yapıştır ara,"[""hata"", ""satırını"", ""seç"", ""kopyala"", ""arama"", ""alanına"", ""yapıştır"", ""ara""]",,,
CK-2227,temel_bilgisayar,tamam bu pencere kalsın diğer monitördeki tarafa geç oradaki ayarlar kutusunu kapat,"[""tamam"", ""bu"", ""pencere"", ""kalsın"", ""diğer"", ""monitördeki"", ""tarafa"", ""geç"", ""oradaki"", ""ayarlar"", ""kutusunu"", ""kapat""]",,,
CK-2878,ofis_metin_düzenleme,başlığı seç kes alt satıra yapıştır belgeyi kaydet,"[""başlığı"", ""seç"", ""kes"", ""alt"", ""satıra"", ""yapıştır"", ""belgeyi"", ""kaydet""]",,,
CK-2697,dosya_yazılım_geliştirme,json dosyasında ayar bloğunu bulup alt satıra geçerek virgül yaz,"[""json"", ""dosyasında"", ""ayar"", ""bloğunu"", ""bulup"", ""alt"", ""satıra"", ""geçerek"", ""virgül"", ""yaz""]",,,
CK-2485,dosya_yazılım_geliştirme,terminal çıktısında failed yazan satırı bul o satırı seç kopyala,"[""terminal"", ""çıktısında"", ""failed"", ""yazan"", ""satırı"", ""bul"", ""o"", ""satırı"", ""seç"", ""kopyala""]",,,
CK-1238,tarayıcı_internet,pdfyi büyütüp aşağı kaydırarak tabloyu bul,"[""pdfyi"", ""büyütüp"", ""aşağı"", ""kaydırarak"", ""tabloyu"", ""bul""]",,,
CK-2906,temel_bilgisayar,ekran çok parlak ya parlaklığı birazcık azalt,"[""ekran"", ""çok"", ""parlak"", ""ya"", ""parlaklığı"", ""birazcık"", ""azalt""]",,,
CK-3444,tarayıcı_internet,reklamı kapat arama yap sonucu indir,"[""reklamı"", ""kapat"", ""arama"", ""yap"", ""sonucu"", ""indir""]",,,
CK-1770,tarayıcı_internet,video oynatıcıyı büyütüp altyazı menüsünü açarak türkçeyi seç,"[""video"", ""oynatıcıyı"", ""büyütüp"", ""altyazı"", ""menüsünü"", ""açarak"", ""türkçeyi"", ""seç""]",,,
CK-1434,dosya_yazılım_geliştirme,scripti çalıştırma dur script dosyasını aç script satırını bul,"[""scripti"", ""çalıştırma"", ""dur"", ""script"", ""dosyasını"", ""aç"", ""script"", ""satırını"", ""bul""]",,,
CK-3085,dosya_yazılım_geliştirme,kod bloğunu silme fonksiyonu bul seç ve kes,"[""kod"", ""bloğunu"", ""silme"", ""fonksiyonu"", ""bul"", ""seç"", ""ve"", ""kes""]",,,
CK-3259,ofis_metin_düzenleme,metni ara bulduğun cümleyi seç,"[""metni"", ""ara"", ""bulduğun"", ""cümleyi"", ""seç""]",,,
CK-3127,temel_bilgisayar,pencereyi kapatma sesi artır bildirimi kapat,"[""pencereyi"", ""kapatma"", ""sesi"", ""artır"", ""bildirimi"", ""kapat""]",,,
CK-2662,ofis_metin_düzenleme,PDF formunda imza alanına git tarih kutusunu seç bugünün tarihini yaz,"[""PDF"", ""formunda"", ""imza"", ""alanına"", ""git"", ""tarih"", ""kutusunu"", ""seç"", ""bugünün"", ""tarihini"", ""yaz""]",,,
CK-1560,tarayıcı_internet,postaya git yeni ileti oluştur alıcı yaz gönder,"[""postaya"", ""git"", ""yeni"", ""ileti"", ""oluştur"", ""alıcı"", ""yaz"", ""gönder""]",,,
CK-2242,tarayıcı_internet,formu doldururken ad alanını seçip Ali yaz soyad alanına geçip Yılmaz yaz,"[""formu"", ""doldururken"", ""ad"", ""alanını"", ""seçip"", ""Ali"", ""yaz"", ""soyad"", ""alanına"", ""geçip"", ""Yılmaz"", ""yaz""]",,,
CK-3347,tarayıcı_internet,adres çubuğuna geç eski adresi seç kes yeni adresi yapıştır,"[""adres"", ""çubuğuna"", ""geç"", ""eski"", ""adresi"", ""seç"", ""kes"", ""yeni"", ""adresi"", ""yapıştır""]",,,
CK-3167,temel_bilgisayar,masaüstüne geç arama kutusuna tıkla ayarlar yaz enter bas,"[""masaüstüne"", ""geç"", ""arama"", ""kutusuna"", ""tıkla"", ""ayarlar"", ""yaz"", ""enter"", ""bas""]",,,
CK-3195,tarayıcı_internet,geri dönme önceki sekmeye geç sayfayı yenile erişim ara bağlantıya tıkla pdfi indir,"[""geri"", ""dönme"", ""önceki"", ""sekmeye"", ""geç"", ""sayfayı"", ""yenile"", ""erişim"", ""ara"", ""bağlantıya"", ""tıkla"", ""pdfi"", ""indir""]",,,
CK-3840,ofis_metin_düzenleme,tablo başlığını kesip sayfanın üstüne yapıştır,"[""tablo"", ""başlığını"", ""kesip"", ""sayfanın"", ""üstüne"", ""yapıştır""]",,,
CK-2945,dosya_yazılım_geliştirme,kodu silme gereksiz bloğu kes dosyayı kaydet,"[""kodu"", ""silme"", ""gereksiz"", ""bloğu"", ""kes"", ""dosyayı"", ""kaydet""]",,,
CK-1619,tarayıcı_internet,gogıl takvim aç etkinliği bul katıl düğmesine tıkla,"[""gogıl"", ""takvim"", ""aç"", ""etkinliği"", ""bul"", ""katıl"", ""düğmesine"", ""tıkla""]",,,
CK-3680,dosya_yazılım_geliştirme,terminalde git pull yaz enter bas çakışma dosyasını bul çıktıyı yazdır,"[""terminalde"", ""git"", ""pull"", ""yaz"", ""enter"", ""bas"", ""çakışma"", ""dosyasını"", ""bul"", ""çıktıyı"", ""yazdır""]",,,
CK-2395,dosya_yazılım_geliştirme,çakışma dosyasını aç benim sürümümü seç değişiklikleri kaydet,"[""çakışma"", ""dosyasını"", ""aç"", ""benim"", ""sürümümü"", ""seç"", ""değişiklikleri"", ""kaydet""]",,,
CK-3139,ofis_metin_düzenleme,bunu seçmeden önce terimi ara bulduğunu kopyala,"[""bunu"", ""seçmeden"", ""önce"", ""terimi"", ""ara"", ""bulduğunu"", ""kopyala""]",,,
CK-2406,temel_bilgisayar,şu bilgisayarın köşesindeki klasörü aç içindekilerden raporu seç,"[""şu"", ""bilgisayarın"", ""köşesindeki"", ""klasörü"", ""aç"", ""içindekilerden"", ""raporu"", ""seç""]",,,
CK-3093,temel_bilgisayar,ekranı kapatma uygulamaya geç pencereyi büyüt sesi azalt uyarıyı kapat ve enter bas,"[""ekranı"", ""kapatma"", ""uygulamaya"", ""geç"", ""pencereyi"", ""büyüt"", ""sesi"", ""azalt"", ""uyarıyı"", ""kapat"", ""ve"", ""enter"", ""bas""]",,,
CK-1473,temel_bilgisayar,dosyayı seçip keserek yedek klasörüne yapıştır,"[""dosyayı"", ""seçip"", ""keserek"", ""yedek"", ""klasörüne"", ""yapıştır""]",,,
CK-2657,tarayıcı_internet,okuma modunu aç yazı boyutunu artır sayfayı yukarı kaydır,"[""okuma"", ""modunu"", ""aç"", ""yazı"", ""boyutunu"", ""artır"", ""sayfayı"", ""yukarı"", ""kaydır""]",,,
CK-2092,dosya_yazılım_geliştirme,kod bloğunu seçip keserek yardımcı dosyaya yapıştır,"[""kod"", ""bloğunu"", ""seçip"", ""keserek"", ""yardımcı"", ""dosyaya"", ""yapıştır""]",,,
CK-2871,temel_bilgisayar,dosyayı silme klasörü aç dosyayı seç kopyala kapat,"[""dosyayı"", ""silme"", ""klasörü"", ""aç"", ""dosyayı"", ""seç"", ""kopyala"", ""kapat""]",,,
CK-2134,tarayıcı_internet,indirme sayfasını aç en son indirilen dosyayı seç klasörde göster düğmesine tıkla,"[""indirme"", ""sayfasını"", ""aç"", ""en"", ""son"", ""indirilen"", ""dosyayı"", ""seç"", ""klasörde"", ""göster"", ""düğmesine"", ""tıkla""]",,,
CK-1228,dosya_yazılım_geliştirme,src klasörüne git api dosyasını bul aç endpoint değiştir,"[""src"", ""klasörüne"", ""git"", ""api"", ""dosyasını"", ""bul"", ""aç"", ""endpoint"", ""değiştir""]",,,
CK-2089,dosya_yazılım_geliştirme,ya dosya ağacına geç bi env dosyasını bul sonra dosyayı aç,"[""ya"", ""dosya"", ""ağacına"", ""geç"", ""bi"", ""env"", ""dosyasını"", ""bul"", ""sonra"", ""dosyayı"", ""aç""]",,,
CK-3184,dosya_yazılım_geliştirme,projeyi aç src klasörüne geç yeni dosya oluştur adını api yap,"[""projeyi"", ""aç"", ""src"", ""klasörüne"", ""geç"", ""yeni"", ""dosya"", ""oluştur"", ""adını"", ""api"", ""yap""]",,,
CK-3368,ofis_metin_düzenleme,yeni belge oluştur adını yaz kaydet,"[""yeni"", ""belge"", ""oluştur"", ""adını"", ""yaz"", ""kaydet""]",,,
CK-3292,dosya_yazılım_geliştirme,terminali aç npm run test yaz enter bas,"[""terminali"", ""aç"", ""npm"", ""run"", ""test"", ""yaz"", ""enter"", ""bas""]",,,
CK-1555,temel_bilgisayar,bluetooth ayarını aç cihaz listesini kaydır kulaklığı bul seç,"[""bluetooth"", ""ayarını"", ""aç"", ""cihaz"", ""listesini"", ""kaydır"", ""kulaklığı"", ""bul"", ""seç""]",,,
CK-3861,dosya_yazılım_geliştirme,git commit gönderme sadece değişen dosyaları listele,"[""git"", ""commit"", ""gönderme"", ""sadece"", ""değişen"", ""dosyaları"", ""listele""]",,,
CK-2612,temel_bilgisayar,pano geçmişini aç son metni seç buraya yapıştır,"[""pano"", ""geçmişini"", ""aç"", ""son"", ""metni"", ""seç"", ""buraya"", ""yapıştır""]",,,
CK-3521,temel_bilgisayar,ekran parlaklığını artır ses seviyesini azalt sonra bildirimi kapat,"[""ekran"", ""parlaklığını"", ""artır"", ""ses"", ""seviyesini"", ""azalt"", ""sonra"", ""bildirimi"", ""kapat""]",,,
CK-3381,dosya_yazılım_geliştirme,config dosyasını yeniden adlandır,"[""config"", ""dosyasını"", ""yeniden"", ""adlandır""]",,,
CK-1827,tarayıcı_internet,dosyayı indirme önce hedef klasörü seç sonra indir,"[""dosyayı"", ""indirme"", ""önce"", ""hedef"", ""klasörü"", ""seç"", ""sonra"", ""indir""]",,,
CK-2987,dosya_yazılım_geliştirme,terminalde python app py yaz enter bas çıktıyı kopyala mesaja gönder,"[""terminalde"", ""python"", ""app"", ""py"", ""yaz"", ""enter"", ""bas"", ""çıktıyı"", ""kopyala"", ""mesaja"", ""gönder""]",,,
CK-2121,temel_bilgisayar,ayarlar uygulamasını aç erişilebilirlik bölümüne git imleç boyutunu artır,"[""ayarlar"", ""uygulamasını"", ""aç"", ""erişilebilirlik"", ""bölümüne"", ""git"", ""imleç"", ""boyutunu"", ""artır""]",,,
CK-3351,tarayıcı_internet,yeni sekme aç adres çubuğuna geç siteyi yaz enter bas sayfayı kaydır,"[""yeni"", ""sekme"", ""aç"", ""adres"", ""çubuğuna"", ""geç"", ""siteyi"", ""yaz"", ""enter"", ""bas"", ""sayfayı"", ""kaydır""]",,,
CK-3793,tarayıcı_internet,yanlış sayfa açıldı geri git ve aramayı yinele,"[""yanlış"", ""sayfa"", ""açıldı"", ""geri"", ""git"", ""ve"", ""aramayı"", ""yinele""]",,,
CK-1493,ofis_metin_düzenleme,çalışma sayfasını aç ardından not sütununu seç ve açıklama yaz,"[""çalışma"", ""sayfasını"", ""aç"", ""ardından"", ""not"", ""sütununu"", ""seç"", ""ve"", ""açıklama"", ""yaz""]",,,
CK-1276,tarayıcı_internet,pdfyi aç sayfada aşağı in tabloyu bul seç,"[""pdfyi"", ""aç"", ""sayfada"", ""aşağı"", ""in"", ""tabloyu"", ""bul"", ""seç""]",,,
CK-1273,ofis_metin_düzenleme,excel aç veri aralığını seç grafik oluştur başlık yaz kaydet,"[""excel"", ""aç"", ""veri"", ""aralığını"", ""seç"", ""grafik"", ""oluştur"", ""başlık"", ""yaz"", ""kaydet""]",,,
CK-2025,temel_bilgisayar,ekran görüntüsü aracını aç dikdörtgen alanı seç görüntüyü kaydet,"[""ekran"", ""görüntüsü"", ""aracını"", ""aç"", ""dikdörtgen"", ""alanı"", ""seç"", ""görüntüyü"", ""kaydet""]",,,
CK-3733,temel_bilgisayar,klasördeki son indirilen öğeyi bul ve klasörde göster,"[""klasördeki"", ""son"", ""indirilen"", ""öğeyi"", ""bul"", ""ve"", ""klasörde"", ""göster""]",,,
CK-2970,temel_bilgisayar,pencereyi büyütsene parlaklığı azalt bir de diğer uygulamaya geç açılır uyarıyı kapat,"[""pencereyi"", ""büyütsene"", ""parlaklığı"", ""azalt"", ""bir"", ""de"", ""diğer"", ""uygulamaya"", ""geç"", ""açılır"", ""uyarıyı"", ""kapat""]",,,
CK-2902,dosya_yazılım_geliştirme,terminali aç komutu yaz enter bas hatayı bul logu kaydet,"[""terminali"", ""aç"", ""komutu"", ""yaz"", ""enter"", ""bas"", ""hatayı"", ""bul"", ""logu"", ""kaydet""]",,,
CK-1701,ofis_metin_düzenleme,vördde değişiklik izini aç kabul edilenleri bul kaydetti,"[""vördde"", ""değişiklik"", ""izini"", ""aç"", ""kabul"", ""edilenleri"", ""bul"", ""kaydetti""]",,,
CK-2577,dosya_yazılım_geliştirme,terminali açma dur mevcut terminale geç npm run test yaz,"[""terminali"", ""açma"", ""dur"", ""mevcut"", ""terminale"", ""geç"", ""npm"", ""run"", ""test"", ""yaz""]",,,
CK-1878,ofis_metin_düzenleme,metni seç kes hedef kutuya yapıştır,"[""metni"", ""seç"", ""kes"", ""hedef"", ""kutuya"", ""yapıştır""]",,,
CK-3789,tarayıcı_internet,açık sekmeleri listele ve içinde başvuru geçeni bul,"[""açık"", ""sekmeleri"", ""listele"", ""ve"", ""içinde"", ""başvuru"", ""geçeni"", ""bul""]",,,
CK-3489,dosya_yazılım_geliştirme,debug panelini kapat buildi yinele,"[""debug"", ""panelini"", ""kapat"", ""buildi"", ""yinele""]",,,
CK-2333,tarayıcı_internet,indirme çubuğunu aç en son inen dosyayı klasörde göster sonra pencereyi küçült,"[""indirme"", ""çubuğunu"", ""aç"", ""en"", ""son"", ""inen"", ""dosyayı"", ""klasörde"", ""göster"", ""sonra"", ""pencereyi"", ""küçült""]",,,
CK-1923,tarayıcı_internet,ya bi şu pdfyi indir sonra indirmeyi yinele ve klasörde göster,"[""ya"", ""bi"", ""şu"", ""pdfyi"", ""indir"", ""sonra"", ""indirmeyi"", ""yinele"", ""ve"", ""klasörde"", ""göster""]",,,
CK-3038,ofis_metin_düzenleme,başlığı seçme ilgili dipnotu bul ve seç,"[""başlığı"", ""seçme"", ""ilgili"", ""dipnotu"", ""bul"", ""ve"", ""seç""]",,,
CK-1426,tarayıcı_internet,pdfyi indir şey yok hedef klasörü seç pdfyi indir,"[""pdfyi"", ""indir"", ""şey"", ""yok"", ""hedef"", ""klasörü"", ""seç"", ""pdfyi"", ""indir""]",,,
CK-2960,ofis_metin_düzenleme,şunu kaydetme henüz tabloyu seç ikinci satırı kes son halini kaydet,"[""şunu"", ""kaydetme"", ""henüz"", ""tabloyu"", ""seç"", ""ikinci"", ""satırı"", ""kes"", ""son"", ""halini"", ""kaydet""]",,,
CK-2886,dosya_yazılım_geliştirme,terminali aç komutu yaz enter bas çıktıyı kopyala,"[""terminali"", ""aç"", ""komutu"", ""yaz"", ""enter"", ""bas"", ""çıktıyı"", ""kopyala""]",,,
CK-1251,ofis_metin_düzenleme,vörd belgesini aç başlığı seç koypala ve kaydetti,"[""vörd"", ""belgesini"", ""aç"", ""başlığı"", ""seç"", ""koypala"", ""ve"", ""kaydetti""]",,,
CK-1914,tarayıcı_internet,dosyayı yükle yok hayır önce açıklama alanına metin yaz sonra dosyayı yükle,"[""dosyayı"", ""yükle"", ""yok"", ""hayır"", ""önce"", ""açıklama"", ""alanına"", ""metin"", ""yaz"", ""sonra"", ""dosyayı"", ""yükle""]",,,
CK-2826,dosya_yazılım_geliştirme,temp klasörünü silme build klasörünü sil,"[""temp"", ""klasörünü"", ""silme"", ""build"", ""klasörünü"", ""sil""]",,,
CK-1333,temel_bilgisayar,dosyayı indirip adı değiştirerek arşiv klasörüne taşı,"[""dosyayı"", ""indirip"", ""adı"", ""değiştirerek"", ""arşiv"", ""klasörüne"", ""taşı""]",,,
CK-1594,dosya_yazılım_geliştirme,kaynak kontrol panelini aç ardından bekleyen dosyaları seç ve commit mesajı yaz,"[""kaynak"", ""kontrol"", ""panelini"", ""aç"", ""ardından"", ""bekleyen"", ""dosyaları"", ""seç"", ""ve"", ""commit"", ""mesajı"", ""yaz""]",,,
CK-3361,ofis_metin_düzenleme,metni kes yeni sayfaya yapıştır,"[""metni"", ""kes"", ""yeni"", ""sayfaya"", ""yapıştır""]",,,
CK-1440,tarayıcı_internet,son maili açma şey yok gelen kutusuna git son maili seç,"[""son"", ""maili"", ""açma"", ""şey"", ""yok"", ""gelen"", ""kutusuna"", ""git"", ""son"", ""maili"", ""seç""]",,,
CK-2708,temel_bilgisayar,görev çubuğundaki pil simgesine tıkla güç tasarrufunu artır,"[""görev"", ""çubuğundaki"", ""pil"", ""simgesine"", ""tıkla"", ""güç"", ""tasarrufunu"", ""artır""]",,,
CK-3108,temel_bilgisayar,şu açık uygulamaya geçsek iyi olur,"[""şu"", ""açık"", ""uygulamaya"", ""geçsek"", ""iyi"", ""olur""]",,,
CK-1678,tarayıcı_internet,video sekmesine geçip kalite menüsünü açarak düşük seç,"[""video"", ""sekmesine"", ""geçip"", ""kalite"", ""menüsünü"", ""açarak"", ""düşük"", ""seç""]",,,
CK-3383,dosya_yazılım_geliştirme,hata satırını seç,"[""hata"", ""satırını"", ""seç""]",,,
CK-2638,tarayıcı_internet,formu gönderme bekle açıklama kutusunu seç kısa not yaz,"[""formu"", ""gönderme"", ""bekle"", ""açıklama"", ""kutusunu"", ""seç"", ""kısa"", ""not"", ""yaz""]",,,
CK-1731,ofis_metin_düzenleme,tablo filtresini sıfırlama yok filtre okunu aç boşları seç,"[""tablo"", ""filtresini"", ""sıfırlama"", ""yok"", ""filtre"", ""okunu"", ""aç"", ""boşları"", ""seç""]",,,
CK-2622,temel_bilgisayar,şu klasörün önizlemesini açmadan önce klasörü seçer misin,"[""şu"", ""klasörün"", ""önizlemesini"", ""açmadan"", ""önce"", ""klasörü"", ""seçer"", ""misin""]",,,
CK-3631,tarayıcı_internet,reklam sekmesini kapatma sağdaki sekmeye geç sayfayı aşağı kaydır,"[""reklam"", ""sekmesini"", ""kapatma"", ""sağdaki"", ""sekmeye"", ""geç"", ""sayfayı"", ""aşağı"", ""kaydır""]",,,
CK-2714,temel_bilgisayar,sağdaki küçük pencereyi büyüterek üste hizala,"[""sağdaki"", ""küçük"", ""pencereyi"", ""büyüterek"", ""üste"", ""hizala""]",,,
CK-2286,dosya_yazılım_geliştirme,terminaldeki son komutu yinele hata çıkarsa çıktıyı seç kopyala,"[""terminaldeki"", ""son"", ""komutu"", ""yinele"", ""hata"", ""çıkarsa"", ""çıktıyı"", ""seç"", ""kopyala""]",,,
CK-3232,tarayıcı_internet,indirme deme şu pdfi indirir misin,"[""indirme"", ""deme"", ""şu"", ""pdfi"", ""indirir"", ""misin""]",,,
CK-1433,ofis_metin_düzenleme,slaytı sil yok hayır slaytı seç slaytı çoğalt,"[""slaytı"", ""sil"", ""yok"", ""hayır"", ""slaytı"", ""seç"", ""slaytı"", ""çoğalt""]",,,
CK-2547,tarayıcı_internet,oradaki giriş bağlantısına tıklayıp kullanıcı alanına deneme yaz gönderme,"[""oradaki"", ""giriş"", ""bağlantısına"", ""tıklayıp"", ""kullanıcı"", ""alanına"", ""deneme"", ""yaz"", ""gönderme""]",,,
CK-2528,tarayıcı_internet,Google sonuçlarında üçüncü bağlantıyı açma dur başlığını kopyala yan sekmeye geç,"[""Google"", ""sonuçlarında"", ""üçüncü"", ""bağlantıyı"", ""açma"", ""dur"", ""başlığını"", ""kopyala"", ""yan"", ""sekmeye"", ""geç""]",,,
CK-3851,ofis_metin_düzenleme,yazdırmadan önce kenar boşluklarını dar yap,"[""yazdırmadan"", ""önce"", ""kenar"", ""boşluklarını"", ""dar"", ""yap""]",,,
CK-3735,temel_bilgisayar,şu boş alana bir boşluk bırak sonra bekle,"[""şu"", ""boş"", ""alana"", ""bir"", ""boşluk"", ""bırak"", ""sonra"", ""bekle""]",,,
CK-3787,tarayıcı_internet,bağlantıyı yeni pencerede değil aynı sekmede aç,"[""bağlantıyı"", ""yeni"", ""pencerede"", ""değil"", ""aynı"", ""sekmede"", ""aç""]",,,
CK-3607,temel_bilgisayar,fare imlecini biraz büyütür müsün,"[""fare"", ""imlecini"", ""biraz"", ""büyütür"", ""müsün""]",,,
CK-1259,ofis_metin_düzenleme,vörd içinde kaynakçayı bul doi satırını seç koypala,"[""vörd"", ""içinde"", ""kaynakçayı"", ""bul"", ""doi"", ""satırını"", ""seç"", ""koypala""]",,,
CK-1844,temel_bilgisayar,şuradaki cihazı seç bağlantıyı kes,"[""şuradaki"", ""cihazı"", ""seç"", ""bağlantıyı"", ""kes""]",,,
CK-2694,dosya_yazılım_geliştirme,package dosyasını aç script bölümüne git build komutunu değiştir,"[""package"", ""dosyasını"", ""aç"", ""script"", ""bölümüne"", ""git"", ""build"", ""komutunu"", ""değiştir""]",,,
CK-2071,ofis_metin_düzenleme,belgeyi aç şablon ekini indir düzenlenmiş belgeyi yükle,"[""belgeyi"", ""aç"", ""şablon"", ""ekini"", ""indir"", ""düzenlenmiş"", ""belgeyi"", ""yükle""]",,,
CK-2258,ofis_metin_düzenleme,bak bu yorum balonunu aç cevaba tamamdır yaz gönder,"[""bak"", ""bu"", ""yorum"", ""balonunu"", ""aç"", ""cevaba"", ""tamamdır"", ""yaz"", ""gönder""]",,,
CK-1643,ofis_metin_düzenleme,satış tablosunu aç bölge filtresini seç uygula yazdır,"[""satış"", ""tablosunu"", ""aç"", ""bölge"", ""filtresini"", ""seç"", ""uygula"", ""yazdır""]",,,
CK-1437,tarayıcı_internet,mesajı silme dur mesajı seç mesajı arşive taşı,"[""mesajı"", ""silme"", ""dur"", ""mesajı"", ""seç"", ""mesajı"", ""arşive"", ""taşı""]",,,
CK-1624,dosya_yazılım_geliştirme,deploy et vazgeç terminale geç logları bul,"[""deploy"", ""et"", ""vazgeç"", ""terminale"", ""geç"", ""logları"", ""bul""]",,,
CK-2812,tarayıcı_internet,şu sekmeye geçelim mi öndeki değil yandaki,"[""şu"", ""sekmeye"", ""geçelim"", ""mi"", ""öndeki"", ""değil"", ""yandaki""]",,,
CK-3255,ofis_metin_düzenleme,belgenin sonunu yazdırıver,"[""belgenin"", ""sonunu"", ""yazdırıver""]",,,
CK-1422,tarayıcı_internet,maili gönder dur maili gönderme eki yükle maili gönder,"[""maili"", ""gönder"", ""dur"", ""maili"", ""gönderme"", ""eki"", ""yükle"", ""maili"", ""gönder""]",,,
CK-1629,temel_bilgisayar,dosya adını taslak yapma hayır dosya adını onaylı yap kaydet,"[""dosya"", ""adını"", ""taslak"", ""yapma"", ""hayır"", ""dosya"", ""adını"", ""onaylı"", ""yap"", ""kaydet""]",,,
CK-1632,ofis_metin_düzenleme,görseli yazdırma dur görseli seç parlaklığını artır,"[""görseli"", ""yazdırma"", ""dur"", ""görseli"", ""seç"", ""parlaklığını"", ""artır""]",,,
CK-2028,tarayıcı_internet,gogıl drayvı aç sonra hakem raporunu yügle ve paylaşım linkini koypala,"[""gogıl"", ""drayvı"", ""aç"", ""sonra"", ""hakem"", ""raporunu"", ""yügle"", ""ve"", ""paylaşım"", ""linkini"", ""koypala""]",,,
CK-3593,dosya_yazılım_geliştirme,src klasörüne geç yeni helper dosyası oluştur,"[""src"", ""klasörüne"", ""geç"", ""yeni"", ""helper"", ""dosyası"", ""oluştur""]",,,
CK-3146,dosya_yazılım_geliştirme,adını değiştirme yedek klasöre taşı sonra kaydet,"[""adını"", ""değiştirme"", ""yedek"", ""klasöre"", ""taşı"", ""sonra"", ""kaydet""]",,,
CK-2032,tarayıcı_internet,sayfayı yazdırma yok sayfayı pdf olarak indir sonra dosya adını başvuru yap,"[""sayfayı"", ""yazdırma"", ""yok"", ""sayfayı"", ""pdf"", ""olarak"", ""indir"", ""sonra"", ""dosya"", ""adını"", ""başvuru"", ""yap""]",,,
CK-2673,ofis_metin_düzenleme,oradaki boş satırı seçer misin üstüne bir boşluk bırak,"[""oradaki"", ""boş"", ""satırı"", ""seçer"", ""misin"", ""üstüne"", ""bir"", ""boşluk"", ""bırak""]",,,
CK-2020,temel_bilgisayar,başlat aramasını aç ekran okuyucu yaz entera bas,"[""başlat"", ""aramasını"", ""aç"", ""ekran"", ""okuyucu"", ""yaz"", ""entera"", ""bas""]",,,
CK-3079,ofis_metin_düzenleme,şu yazıyı biraz büyütür müsün ardından satır aralığını artır ve belgeyi yazdır,"[""şu"", ""yazıyı"", ""biraz"", ""büyütür"", ""müsün"", ""ardından"", ""satır"", ""aralığını"", ""artır"", ""ve"", ""belgeyi"", ""yazdır""]",,,
CK-3825,ofis_metin_düzenleme,açık olan metinde sonuç başlığını bul ve altını çiz,"[""açık"", ""olan"", ""metinde"", ""sonuç"", ""başlığını"", ""bul"", ""ve"", ""altını"", ""çiz""]",,,
CK-1351,ofis_metin_düzenleme,vördü aç ikinci paragrafı bul seç koypala,"[""vördü"", ""aç"", ""ikinci"", ""paragrafı"", ""bul"", ""seç"", ""koypala""]",,,
CK-3491,dosya_yazılım_geliştirme,terminali kapat logu yazdır raporu gönder,"[""terminali"", ""kapat"", ""logu"", ""yazdır"", ""raporu"", ""gönder""]",,,
CK-1741,temel_bilgisayar,ekran okuyucuyu aç hız ayarını seç değeri azalt,"[""ekran"", ""okuyucuyu"", ""aç"", ""hız"", ""ayarını"", ""seç"", ""değeri"", ""azalt""]",,,
CK-2652,tarayıcı_internet,sekmeyi kapatma yok sayfa içinde rapor kelimesini bul,"[""sekmeyi"", ""kapatma"", ""yok"", ""sayfa"", ""içinde"", ""rapor"", ""kelimesini"", ""bul""]",,,
CK-2683,dosya_yazılım_geliştirme,VS Code'da sol ağaçtan services klasörünü aç api dosyasını seç,"[""VS"", ""Code'da"", ""sol"", ""ağaçtan"", ""services"", ""klasörünü"", ""aç"", ""api"", ""dosyasını"", ""seç""]",,,
CK-1890,tarayıcı_internet,pdf bağlantısını bul dosyayı indir klasörde göster,"[""pdf"", ""bağlantısını"", ""bul"", ""dosyayı"", ""indir"", ""klasörde"", ""göster""]",,,
CK-2055,ofis_metin_düzenleme,giriş paragrafını seç paragrafı kes özet bölümüne yapıştır,"[""giriş"", ""paragrafını"", ""seç"", ""paragrafı"", ""kes"", ""özet"", ""bölümüne"", ""yapıştır""]",,,
CK-1698,dosya_yazılım_geliştirme,sürüm kontrol görünümünü aç ardından yeni etiket oluştur,"[""sürüm"", ""kontrol"", ""görünümünü"", ""aç"", ""ardından"", ""yeni"", ""etiket"", ""oluştur""]",,,
CK-1235,dosya_yazılım_geliştirme,terminali açıp test komutunu yazıp entera bas,"[""terminali"", ""açıp"", ""test"", ""komutunu"", ""yazıp"", ""entera"", ""bas""]",,,
CK-3589,dosya_yazılım_geliştirme,hata satırını bul onu seç,"[""hata"", ""satırını"", ""bul"", ""onu"", ""seç""]",,,
CK-1862,dosya_yazılım_geliştirme,terminalde echo erişilebilir komut arayüzü testi yaz enter bas,"[""terminalde"", ""echo"", ""erişilebilir"", ""komut"", ""arayüzü"", ""testi"", ""yaz"", ""enter"", ""bas""]",,,
CK-1679,ofis_metin_düzenleme,denklem satırını bulup seçerek yeni formül yaz,"[""denklem"", ""satırını"", ""bulup"", ""seçerek"", ""yeni"", ""formül"", ""yaz""]",,,
CK-2828,temel_bilgisayar,dosyayı silme pencereyi kapat ve masaüstüne geç,"[""dosyayı"", ""silme"", ""pencereyi"", ""kapat"", ""ve"", ""masaüstüne"", ""geç""]",,,
CK-3319,temel_bilgisayar,erişim ayarını aç kontrastı artır pencereyi kaydır,"[""erişim"", ""ayarını"", ""aç"", ""kontrastı"", ""artır"", ""pencereyi"", ""kaydır""]",,,
CK-3014,ofis_metin_düzenleme,dosyayı silme çıktı alabilir miyiz,"[""dosyayı"", ""silme"", ""çıktı"", ""alabilir"", ""miyiz""]",,,
CK-3124,dosya_yazılım_geliştirme,boş bir config dosyası oluşturalım mı,"[""boş"", ""bir"", ""config"", ""dosyası"", ""oluşturalım"", ""mı""]",,,
CK-2290,dosya_yazılım_geliştirme,branchi sil yok hayır yeni branch oluştur adını deneme yap,"[""branchi"", ""sil"", ""yok"", ""hayır"", ""yeni"", ""branch"", ""oluştur"", ""adını"", ""deneme"", ""yap""]",,,
CK-3658,dosya_yazılım_geliştirme,log dosyasını açma sadece error satırlarını ara ve çıktıyı yazdır,"[""log"", ""dosyasını"", ""açma"", ""sadece"", ""error"", ""satırlarını"", ""ara"", ""ve"", ""çıktıyı"", ""yazdır""]",,,
CK-1719,tarayıcı_internet,gogıl drive arşiv klasörüne git zip dosyasını indir,"[""gogıl"", ""drive"", ""arşiv"", ""klasörüne"", ""git"", ""zip"", ""dosyasını"", ""indir""]",,,
CK-2398,dosya_yazılım_geliştirme,proje klasörüne git logs klasörünü aç bugünkü logu seç,"[""proje"", ""klasörüne"", ""git"", ""logs"", ""klasörünü"", ""aç"", ""bugünkü"", ""logu"", ""seç""]",,,
CK-2614,temel_bilgisayar,pil simgesine tıkla güç modunu değiştirme sadece tasarrufu artır,"[""pil"", ""simgesine"", ""tıkla"", ""güç"", ""modunu"", ""değiştirme"", ""sadece"", ""tasarrufu"", ""artır""]",,,
CK-3722,temel_bilgisayar,bu kısayolun adını değiştirme sadece başka klasöre taşı,"[""bu"", ""kısayolun"", ""adını"", ""değiştirme"", ""sadece"", ""başka"", ""klasöre"", ""taşı""]",,,
CK-3147,dosya_yazılım_geliştirme,yeni model dosyası oluşturabilir miyiz adını prediction yap,"[""yeni"", ""model"", ""dosyası"", ""oluşturabilir"", ""miyiz"", ""adını"", ""prediction"", ""yap""]",,,
CK-1214,tarayıcı_internet,sekmeyi kapat değil onu değil önce sonraki sekmeye geç sonra kapat,"[""sekmeyi"", ""kapat"", ""değil"", ""onu"", ""değil"", ""önce"", ""sonraki"", ""sekmeye"", ""geç"", ""sonra"", ""kapat""]",,,
CK-2894,temel_bilgisayar,şunu yanlış yaptım pencereyi kapatma masaüstüne geç başlatı aç ayarlar yaz enter bas pencereyi büyüt,"[""şunu"", ""yanlış"", ""yaptım"", ""pencereyi"", ""kapatma"", ""masaüstüne"", ""geç"", ""başlatı"", ""aç"", ""ayarlar"", ""yaz"", ""enter"", ""bas"", ""pencereyi"", ""büyüt""]",,,
CK-1739,ofis_metin_düzenleme,grafiği kopyalama yok veri etiketini seç rengini değiştir,"[""grafiği"", ""kopyalama"", ""yok"", ""veri"", ""etiketini"", ""seç"", ""rengini"", ""değiştir""]",,,
CK-2038,tarayıcı_internet,yükleme penceresini açarak ek dosyayı seçip sisteme yükle,"[""yükleme"", ""penceresini"", ""açarak"", ""ek"", ""dosyayı"", ""seçip"", ""sisteme"", ""yükle""]",,,
CK-2311,temel_bilgisayar,ayarlar penceresini açıp erişilebilirlik bölümüne giderek kontrastı artır,"[""ayarlar"", ""penceresini"", ""açıp"", ""erişilebilirlik"", ""bölümüne"", ""giderek"", ""kontrastı"", ""artır""]",,,
CK-3299,dosya_yazılım_geliştirme,src klasörüne geç servis dosyası oluştur adını auth yap kaydet,"[""src"", ""klasörüne"", ""geç"", ""servis"", ""dosyası"", ""oluştur"", ""adını"", ""auth"", ""yap"", ""kaydet""]",,,
CK-2654,tarayıcı_internet,arama sonucu sayfasını yenileme dur ikinci başlığı seç,"[""arama"", ""sonucu"", ""sayfasını"", ""yenileme"", ""dur"", ""ikinci"", ""başlığı"", ""seç""]",,,
CK-2536,tarayıcı_internet,şu sağ üstteki menüyü açarak çeviri seçeneğine gidip Türkçe seç,"[""şu"", ""sağ"", ""üstteki"", ""menüyü"", ""açarak"", ""çeviri"", ""seçeneğine"", ""gidip"", ""Türkçe"", ""seç""]",,,
CK-2391,dosya_yazılım_geliştirme,komut paletini aç format yaz ilk seçeneği seç kaydet,"[""komut"", ""paletini"", ""aç"", ""format"", ""yaz"", ""ilk"", ""seçeneği"", ""seç"", ""kaydet""]",,,
CK-3552,tarayıcı_internet,adres satırına geç mevcut adresi seç sil yeni adresi yapıştır enter bas,"[""adres"", ""satırına"", ""geç"", ""mevcut"", ""adresi"", ""seç"", ""sil"", ""yeni"", ""adresi"", ""yapıştır"", ""enter"", ""bas""]",,,
CK-3048,dosya_yazılım_geliştirme,src içine geçelim yeni deneme dosyası oluşturalım,"[""src"", ""içine"", ""geçelim"", ""yeni"", ""deneme"", ""dosyası"", ""oluşturalım""]",,,
CK-2415,temel_bilgisayar,dosyayı silme dur dosyayı seç adını kopyala,"[""dosyayı"", ""silme"", ""dur"", ""dosyayı"", ""seç"", ""adını"", ""kopyala""]",,,
CK-3711,temel_bilgisayar,imleç boyutunu büyük yapma orta ayara getir,"[""imleç"", ""boyutunu"", ""büyük"", ""yapma"", ""orta"", ""ayara"", ""getir""]",,,
CK-2762,ofis_metin_düzenleme,Excelde seçili aralığı kesmeden aralığı seç yeni sayfaya taşı,"[""Excelde"", ""seçili"", ""aralığı"", ""kesmeden"", ""aralığı"", ""seç"", ""yeni"", ""sayfaya"", ""taşı""]",,,
CK-1211,temel_bilgisayar,klasörü sil yok hayır silme adını arşiv yap ve kaydet,"[""klasörü"", ""sil"", ""yok"", ""hayır"", ""silme"", ""adını"", ""arşiv"", ""yap"", ""ve"", ""kaydet""]",,,
CK-3550,tarayıcı_internet,yeni sekme aç üniversite sitesine git duyurular kelimesini ara,"[""yeni"", ""sekme"", ""aç"", ""üniversite"", ""sitesine"", ""git"", ""duyurular"", ""kelimesini"", ""ara""]",,,
CK-2931,temel_bilgisayar,şu uyarı metnini kopyala ama buraya yapıştırma yerine panoya yapıştır,"[""şu"", ""uyarı"", ""metnini"", ""kopyala"", ""ama"", ""buraya"", ""yapıştırma"", ""yerine"", ""panoya"", ""yapıştır""]",,,
CK-3412,temel_bilgisayar,imleci sağa kaydır boşluk bırak,"[""imleci"", ""sağa"", ""kaydır"", ""boşluk"", ""bırak""]",,,
CK-1853,tarayıcı_internet,şu form alanına ad soyad yaz gönder,"[""şu"", ""form"", ""alanına"", ""ad"", ""soyad"", ""yaz"", ""gönder""]",,,
CK-2928,temel_bilgisayar,şu pencereyi küçültür müsün bir de sesi azıcık azalt,"[""şu"", ""pencereyi"", ""küçültür"", ""müsün"", ""bir"", ""de"", ""sesi"", ""azıcık"", ""azalt""]",,,
CK-3499,dosya_yazılım_geliştirme,terminali kapat paketi indir kurulumu yinele raporu gönder,"[""terminali"", ""kapat"", ""paketi"", ""indir"", ""kurulumu"", ""yinele"", ""raporu"", ""gönder""]",,,
CK-1287,temel_bilgisayar,ayarları açıp klavye bölümüne giderek tekrar hızını azalt,"[""ayarları"", ""açıp"", ""klavye"", ""bölümüne"", ""giderek"", ""tekrar"", ""hızını"", ""azalt""]",,,
CK-3701,dosya_yazılım_geliştirme,terminal sekmesine geç pip install komutunu yaz boşluk bırak paket adını yapıştır enter bas,"[""terminal"", ""sekmesine"", ""geç"", ""pip"", ""install"", ""komutunu"", ""yaz"", ""boşluk"", ""bırak"", ""paket"", ""adını"", ""yapıştır"", ""enter"", ""bas""]",,,
CK-2356,ofis_metin_düzenleme,sunumda üçüncü slayta geç sağdaki görseli seç biraz küçült,"[""sunumda"", ""üçüncü"", ""slayta"", ""geç"", ""sağdaki"", ""görseli"", ""seç"", ""biraz"", ""küçült""]",,,
CK-2401,dosya_yazılım_geliştirme,terminalde son komutu yinele hata çıkarsa çıktıyı seç kopyala,"[""terminalde"", ""son"", ""komutu"", ""yinele"", ""hata"", ""çıkarsa"", ""çıktıyı"", ""seç"", ""kopyala""]",,,
CK-1892,temel_bilgisayar,imleç boyutunu artır kontrast değerini artır ayarı kaydet,"[""imleç"", ""boyutunu"", ""artır"", ""kontrast"", ""değerini"", ""artır"", ""ayarı"", ""kaydet""]",,,
CK-2319,temel_bilgisayar,denetim masasını aç fare ayarlarına git işaretçi hızını azalt,"[""denetim"", ""masasını"", ""aç"", ""fare"", ""ayarlarına"", ""git"", ""işaretçi"", ""hızını"", ""azalt""]",,,
CK-3267,ofis_metin_düzenleme,notun sonuna boşluk bırak açıklama yaz gönder,"[""notun"", ""sonuna"", ""boşluk"", ""bırak"", ""açıklama"", ""yaz"", ""gönder""]",,,
CK-2838,ofis_metin_düzenleme,başlığı seçme ikinci paragrafı seç ve keser misin,"[""başlığı"", ""seçme"", ""ikinci"", ""paragrafı"", ""seç"", ""ve"", ""keser"", ""misin""]",,,
CK-1589,tarayıcı_internet,ya bi önceki sekmeye geçip şu onay kutusuna tıkla,"[""ya"", ""bi"", ""önceki"", ""sekmeye"", ""geçip"", ""şu"", ""onay"", ""kutusuna"", ""tıkla""]",,,
CK-2195,dosya_yazılım_geliştirme,terminale giti statüs yaz değişen dosyaları seç komiti gönder,"[""terminale"", ""giti"", ""statüs"", ""yaz"", ""değişen"", ""dosyaları"", ""seç"", ""komiti"", ""gönder""]",,,
CK-3889,dosya_yazılım_geliştirme,proje klasöründe temp_outputs diye yeni klasör oluştur,"[""proje"", ""klasöründe"", ""temp_outputs"", ""diye"", ""yeni"", ""klasör"", ""oluştur""]",,,
CK-1765,temel_bilgisayar,paylaşım penceresini açıp alıcıyı yazarak gönder,"[""paylaşım"", ""penceresini"", ""açıp"", ""alıcıyı"", ""yazarak"", ""gönder""]",,,
CK-1248,ofis_metin_düzenleme,çalışma kitabını aç ardından sonuç sütununu seç ve formülü aşağı kopyala,"[""çalışma"", ""kitabını"", ""aç"", ""ardından"", ""sonuç"", ""sütununu"", ""seç"", ""ve"", ""formülü"", ""aşağı"", ""kopyala""]",,,
CK-3628,tarayıcı_internet,önceki sekmeye geç içerik orada kaldı,"[""önceki"", ""sekmeye"", ""geç"", ""içerik"", ""orada"", ""kaldı""]",,,
CK-2707,temel_bilgisayar,dosyayı açma sadece adını göster,"[""dosyayı"", ""açma"", ""sadece"", ""adını"", ""göster""]",,,
CK-1658,tarayıcı_internet,adres satırını seç gizli mod yaz enter bas,"[""adres"", ""satırını"", ""seç"", ""gizli"", ""mod"", ""yaz"", ""enter"", ""bas""]",,,
CK-3274,ofis_metin_düzenleme,dipnotu bul cümleyi seç kes alta yapıştır,"[""dipnotu"", ""bul"", ""cümleyi"", ""seç"", ""kes"", ""alta"", ""yapıştır""]",,,
CK-2545,tarayıcı_internet,önceki sekmeye geç form alanını seç boşluğu sil,"[""önceki"", ""sekmeye"", ""geç"", ""form"", ""alanını"", ""seç"", ""boşluğu"", ""sil""]",,,
CK-1879,temel_bilgisayar,dosyayı seç kes arşiv klasörüne yapıştır,"[""dosyayı"", ""seç"", ""kes"", ""arşiv"", ""klasörüne"", ""yapıştır""]",,,
CK-2584,dosya_yazılım_geliştirme,test klasöründe yeni dosya oluştur adını login_test.py yap içine taslak yaz kaydet,"[""test"", ""klasöründe"", ""yeni"", ""dosya"", ""oluştur"", ""adını"", ""login_test.py"", ""yap"", ""içine"", ""taslak"", ""yaz"", ""kaydet""]",,,
CK-2717,temel_bilgisayar,geri dönüşüm kutusuna git son silinen öğeyi seç geri yükle,"[""geri"", ""dönüşüm"", ""kutusuna"", ""git"", ""son"", ""silinen"", ""öğeyi"", ""seç"", ""geri"", ""yükle""]",,,
CK-1869,ofis_metin_düzenleme,başlık alanına eller serbest bilgisayar etkileşimi pilot çalışması yaz kaydet,"[""başlık"", ""alanına"", ""eller"", ""serbest"", ""bilgisayar"", ""etkileşimi"", ""pilot"", ""çalışması"", ""yaz"", ""kaydet""]",,,
CK-2184,dosya_yazılım_geliştirme,git panelini aç değişen dosyaları seç commit mesajını yaz gönder,"[""git"", ""panelini"", ""aç"", ""değişen"", ""dosyaları"", ""seç"", ""commit"", ""mesajını"", ""yaz"", ""gönder""]",,,
CK-3188,dosya_yazılım_geliştirme,klasörü taşıma boş klasör oluştur adını temp yap aç kaydet,"[""klasörü"", ""taşıma"", ""boş"", ""klasör"", ""oluştur"", ""adını"", ""temp"", ""yap"", ""aç"", ""kaydet""]",,,
CK-1905,ofis_metin_düzenleme,vörd belgesinde yazdır menüsünü aç sayfa aralığını yaz yazdırı tıkla,"[""vörd"", ""belgesinde"", ""yazdır"", ""menüsünü"", ""aç"", ""sayfa"", ""aralığını"", ""yaz"", ""yazdırı"", ""tıkla""]",,,
CK-1350,ofis_metin_düzenleme,sunum görünümünü aç ardından konuşmacı notlarına geç ve süre bilgisini yaz,"[""sunum"", ""görünümünü"", ""aç"", ""ardından"", ""konuşmacı"", ""notlarına"", ""geç"", ""ve"", ""süre"", ""bilgisini"", ""yaz""]",,,
CK-2364,ofis_metin_düzenleme,tabloda boş hücreyi seç eşittir ortalama yaz enter tuşuna bas,"[""tabloda"", ""boş"", ""hücreyi"", ""seç"", ""eşittir"", ""ortalama"", ""yaz"", ""enter"", ""tuşuna"", ""bas""]",,,
CK-3794,tarayıcı_internet,tarayıcıdaki büyütmeyi 100 yap sonra sayfayı yenile,"[""tarayıcıdaki"", ""büyütmeyi"", ""100"", ""yap"", ""sonra"", ""sayfayı"", ""yenile""]",,,
CK-2760,ofis_metin_düzenleme,slayt notlarına geç konuşmacı notunu büyüt,"[""slayt"", ""notlarına"", ""geç"", ""konuşmacı"", ""notunu"", ""büyüt""]",,,
CK-2963,dosya_yazılım_geliştirme,terminalde npm test yaz enter a bas çıktıyı sohbete gönder,"[""terminalde"", ""npm"", ""test"", ""yaz"", ""enter"", ""a"", ""bas"", ""çıktıyı"", ""sohbete"", ""gönder""]",,,
CK-3135,tarayıcı_internet,formu göndermeyelim dosyayı yükle önizlemeyi aç,"[""formu"", ""göndermeyelim"", ""dosyayı"", ""yükle"", ""önizlemeyi"", ""aç""]",,,
CK-3208,temel_bilgisayar,açık olan pencereye geçsek iyi olur,"[""açık"", ""olan"", ""pencereye"", ""geçsek"", ""iyi"", ""olur""]",,,
CK-3268,ofis_metin_düzenleme,tabloyu seçelim mi rengini değiştirelim mi,"[""tabloyu"", ""seçelim"", ""mi"", ""rengini"", ""değiştirelim"", ""mi""]",,,
CK-2780,dosya_yazılım_geliştirme,READMEde bağlantılar kısmını bul,"[""READMEde"", ""bağlantılar"", ""kısmını"", ""bul""]",,,
CK-3822,ofis_metin_düzenleme,belgedeki çift boşlukları tek boşluğa çevir,"[""belgedeki"", ""çift"", ""boşlukları"", ""tek"", ""boşluğa"", ""çevir""]",,,
